experiment_id,run_id,method,model,ratio_name,ratio_value,seed_name,split,num_samples,accuracy,macro_f1,macro_precision,macro_recall
exp03_mert_linear,run_exp03_mert_linear_train10_seed0,MERT linear probe,mert_v1_95m,train10,0.1,seed0,val,221,0.6877828054298643,0.5708618112692816,0.6344120598430943,0.5930205415499533
exp03_mert_linear,run_exp03_mert_linear_train10_seed0,MERT linear probe,mert_v1_95m,train10,0.1,seed0,test,204,0.7156862745098039,0.6035556798281575,0.6615428478331704,0.6447965070014637
exp03_mert_linear,run_exp03_mert_linear_train10_seed0,MERT linear probe,mert_v1_95m,train10,0.1,seed0,external_test,610,0.24918032786885247,0.08945042862087922,0.08438628158844765,0.14994651135147988
exp03_mert_linear,run_exp03_mert_linear_train10_seed1,MERT linear probe,mert_v1_95m,train10,0.1,seed1,val,185,0.6216216216216216,0.4660401209605443,0.4519422836838567,0.5181481481481481
exp03_mert_linear,run_exp03_mert_linear_train10_seed1,MERT linear probe,mert_v1_95m,train10,0.1,seed1,test,242,0.5,0.4000911510552374,0.5307302494802495,0.4922114375895888
exp03_mert_linear,run_exp03_mert_linear_train10_seed1,MERT linear probe,mert_v1_95m,train10,0.1,seed1,external_test,610,0.22459016393442624,0.20045661791870537,0.2489138188186157,0.1943452258162215
exp03_mert_linear,run_exp03_mert_linear_train10_seed2,MERT linear probe,mert_v1_95m,train10,0.1,seed2,val,230,0.8,0.8326308710162315,0.8574305004540435,0.844379082009744
exp03_mert_linear,run_exp03_mert_linear_train10_seed2,MERT linear probe,mert_v1_95m,train10,0.1,seed2,test,233,0.6695278969957081,0.6880585788040269,0.7634023464458247,0.7049933903559075
exp03_mert_linear,run_exp03_mert_linear_train10_seed2,MERT linear probe,mert_v1_95m,train10,0.1,seed2,external_test,610,0.3360655737704918,0.24598953883779753,0.266627998000547,0.33036969188932885
exp03_mert_linear,run_exp03_mert_linear_train25_seed0,MERT linear probe,mert_v1_95m,train25,0.25,seed0,val,221,0.8868778280542986,0.8510999514871873,0.8848492535568847,0.8450477626948215
exp03_mert_linear,run_exp03_mert_linear_train25_seed0,MERT linear probe,mert_v1_95m,train25,0.25,seed0,test,204,0.8480392156862745,0.8714774675223483,0.8828331167040844,0.8730091443801121
exp03_mert_linear,run_exp03_mert_linear_train25_seed0,MERT linear probe,mert_v1_95m,train25,0.25,seed0,external_test,610,0.36885245901639346,0.29213412878031836,0.4111441236460566,0.3374915675423993
exp03_mert_linear,run_exp03_mert_linear_train25_seed1,MERT linear probe,mert_v1_95m,train25,0.25,seed1,val,185,0.8594594594594595,0.7706079586975297,0.8652130508570212,0.7525110229276896
exp03_mert_linear,run_exp03_mert_linear_train25_seed1,MERT linear probe,mert_v1_95m,train25,0.25,seed1,test,242,0.8884297520661157,0.8897479377873108,0.9087711742750502,0.8971963698854455
exp03_mert_linear,run_exp03_mert_linear_train25_seed1,MERT linear probe,mert_v1_95m,train25,0.25,seed1,external_test,610,0.3540983606557377,0.3335977132023265,0.4691966994639634,0.37906564094615075
exp03_mert_linear,run_exp03_mert_linear_train25_seed2,MERT linear probe,mert_v1_95m,train25,0.25,seed2,val,230,0.7956521739130434,0.8162483406385846,0.8368903318903319,0.8446591349030372
exp03_mert_linear,run_exp03_mert_linear_train25_seed2,MERT linear probe,mert_v1_95m,train25,0.25,seed2,test,233,0.8111587982832618,0.867186149013463,0.8912941940479313,0.878421699899128
exp03_mert_linear,run_exp03_mert_linear_train25_seed2,MERT linear probe,mert_v1_95m,train25,0.25,seed2,external_test,610,0.3360655737704918,0.22234255306972914,0.30137194474866075,0.289630265782951
exp03_mert_linear,run_exp03_mert_linear_train50_seed0,MERT linear probe,mert_v1_95m,train50,0.5,seed0,val,221,0.9638009049773756,0.9441391941391942,0.9585113960113959,0.9344519859225741
exp03_mert_linear,run_exp03_mert_linear_train50_seed0,MERT linear probe,mert_v1_95m,train50,0.5,seed0,test,204,0.9362745098039216,0.9497578870139397,0.9498415296287636,0.9554843304843305
exp03_mert_linear,run_exp03_mert_linear_train50_seed0,MERT linear probe,mert_v1_95m,train50,0.5,seed0,external_test,610,0.34098360655737703,0.27913807481203573,0.37323432470442297,0.41270259580599306
exp03_mert_linear,run_exp03_mert_linear_train50_seed1,MERT linear probe,mert_v1_95m,train50,0.5,seed1,val,185,0.8864864864864865,0.8194601869130173,0.9147954296661194,0.7953373015873016
exp03_mert_linear,run_exp03_mert_linear_train50_seed1,MERT linear probe,mert_v1_95m,train50,0.5,seed1,test,242,0.9462809917355371,0.9459008470001141,0.9465689848995836,0.9462141058779713
exp03_mert_linear,run_exp03_mert_linear_train50_seed1,MERT linear probe,mert_v1_95m,train50,0.5,seed1,external_test,610,0.41147540983606556,0.3497841655928915,0.5157235350280464,0.36789992753434714
exp03_mert_linear,run_exp03_mert_linear_train50_seed2,MERT linear probe,mert_v1_95m,train50,0.5,seed2,val,230,0.9043478260869565,0.9215150083188921,0.9258954912395535,0.9247416926859434
exp03_mert_linear,run_exp03_mert_linear_train50_seed2,MERT linear probe,mert_v1_95m,train50,0.5,seed2,test,233,0.8626609442060086,0.889534185519213,0.8938608305274971,0.8959061660840045
exp03_mert_linear,run_exp03_mert_linear_train50_seed2,MERT linear probe,mert_v1_95m,train50,0.5,seed2,external_test,610,0.3950819672131147,0.3073650787623219,0.3325828992672993,0.3901227273798435
exp03_mert_linear,run_exp03_mert_linear_train100_seed0,MERT linear probe,mert_v1_95m,train100,1.0,seed0,val,221,0.9819004524886877,0.9767867303301075,0.9887910798122065,0.9678559948569592
exp03_mert_linear,run_exp03_mert_linear_train100_seed0,MERT linear probe,mert_v1_95m,train100,1.0,seed0,test,204,0.9754901960784313,0.9804920833999579,0.9797211497211498,0.9816899451045793
exp03_mert_linear,run_exp03_mert_linear_train100_seed0,MERT linear probe,mert_v1_95m,train100,1.0,seed0,external_test,610,0.44098360655737706,0.3875519935745902,0.44167274098493164,0.4945169428685619
exp03_mert_linear,run_exp03_mert_linear_train100_seed1,MERT linear probe,mert_v1_95m,train100,1.0,seed1,val,185,0.9513513513513514,0.9280853156309546,0.9572954822954823,0.9204166666666667
exp03_mert_linear,run_exp03_mert_linear_train100_seed1,MERT linear probe,mert_v1_95m,train100,1.0,seed1,test,242,0.987603305785124,0.9885805408763808,0.9884615384615385,0.9889237746380605
exp03_mert_linear,run_exp03_mert_linear_train100_seed1,MERT linear probe,mert_v1_95m,train100,1.0,seed1,external_test,610,0.4524590163934426,0.41190262406390604,0.4763077906798101,0.49363789225727933
exp03_mert_linear,run_exp03_mert_linear_train100_seed2,MERT linear probe,mert_v1_95m,train100,1.0,seed2,val,230,0.9521739130434783,0.9604515090753623,0.9635802469135802,0.9626634689352459
exp03_mert_linear,run_exp03_mert_linear_train100_seed2,MERT linear probe,mert_v1_95m,train100,1.0,seed2,test,233,0.9098712446351931,0.9333137427651711,0.9317448680351906,0.9420401000428361
exp03_mert_linear,run_exp03_mert_linear_train100_seed2,MERT linear probe,mert_v1_95m,train100,1.0,seed2,external_test,610,0.4672131147540984,0.38837165639130866,0.47095225021266957,0.5227549754774112
exp03_mert_lora_r4,run_exp03_mert_lora_r4_train10_seed0,MERT+LoRA (r=4),mert_v1_95m,train10,0.1,seed0,val,221,0.5565610859728507,0.4605146520146521,0.4441732335646809,0.5989010989010989
exp03_mert_lora_r4,run_exp03_mert_lora_r4_train10_seed0,MERT+LoRA (r=4),mert_v1_95m,train10,0.1,seed0,test,204,0.6372549019607843,0.49845152788073466,0.6780813953488373,0.5552373403179854
exp03_mert_lora_r4,run_exp03_mert_lora_r4_train10_seed0,MERT+LoRA (r=4),mert_v1_95m,train10,0.1,seed0,external_test,610,0.2967213114754098,0.17380437394857004,0.2947721618596558,0.2911096466453273
exp03_mert_lora_r4,run_exp03_mert_lora_r4_train10_seed1,MERT+LoRA (r=4),mert_v1_95m,train10,0.1,seed1,val,185,0.6162162162162163,0.4572742590718479,0.45626190915237563,0.5006172839506172
exp03_mert_lora_r4,run_exp03_mert_lora_r4_train10_seed1,MERT+LoRA (r=4),mert_v1_95m,train10,0.1,seed1,test,242,0.47520661157024796,0.36619142962349266,0.3308209864966241,0.46479964127022955
exp03_mert_lora_r4,run_exp03_mert_lora_r4_train10_seed1,MERT+LoRA (r=4),mert_v1_95m,train10,0.1,seed1,external_test,610,0.23934426229508196,0.2115973132755655,0.2444176028405419,0.27654916539670327
exp03_mert_lora_r4,run_exp03_mert_lora_r4_train10_seed2,MERT+LoRA (r=4),mert_v1_95m,train10,0.1,seed2,val,230,0.7478260869565218,0.5975652179173357,0.6988430698739978,0.6380711042731949
exp03_mert_lora_r4,run_exp03_mert_lora_r4_train10_seed2,MERT+LoRA (r=4),mert_v1_95m,train10,0.1,seed2,test,233,0.5579399141630901,0.4732989553106672,0.613716570168183,0.5387562354046622
exp03_mert_lora_r4,run_exp03_mert_lora_r4_train10_seed2,MERT+LoRA (r=4),mert_v1_95m,train10,0.1,seed2,external_test,610,0.3180327868852459,0.18432019313318573,0.25846702317290554,0.2428208548498576
exp03_mert_lora_r4,run_exp03_mert_lora_r4_train25_seed0,MERT+LoRA (r=4),mert_v1_95m,train25,0.25,seed0,val,221,0.6742081447963801,0.5465779491248078,0.6073714797579254,0.5743464052287581
exp03_mert_lora_r4,run_exp03_mert_lora_r4_train25_seed0,MERT+LoRA (r=4),mert_v1_95m,train25,0.25,seed0,test,204,0.7156862745098039,0.5769858467041565,0.6375929434550124,0.5931715834941641
exp03_mert_lora_r4,run_exp03_mert_lora_r4_train25_seed0,MERT+LoRA (r=4),mert_v1_95m,train25,0.25,seed0,external_test,610,0.2360655737704918,0.1729491654596446,0.26152501529315186,0.19332872137644355
exp03_mert_lora_r4,run_exp03_mert_lora_r4_train25_seed1,MERT+LoRA (r=4),mert_v1_95m,train25,0.25,seed1,val,185,0.7351351351351352,0.5381436762153478,0.5604486227939963,0.5584832451499118
exp03_mert_lora_r4,run_exp03_mert_lora_r4_train25_seed1,MERT+LoRA (r=4),mert_v1_95m,train25,0.25,seed1,test,242,0.628099173553719,0.5593850352681874,0.656998556998557,0.6284529014308425
exp03_mert_lora_r4,run_exp03_mert_lora_r4_train25_seed1,MERT+LoRA (r=4),mert_v1_95m,train25,0.25,seed1,external_test,610,0.24918032786885247,0.1272574372600556,0.26673723026362167,0.18835551733273048
exp03_mert_lora_r4,run_exp03_mert_lora_r4_train25_seed2,MERT+LoRA (r=4),mert_v1_95m,train25,0.25,seed2,val,230,0.6956521739130435,0.559607572482388,0.6650120264461349,0.6058464183899724
exp03_mert_lora_r4,run_exp03_mert_lora_r4_train25_seed2,MERT+LoRA (r=4),mert_v1_95m,train25,0.25,seed2,test,233,0.6695278969957081,0.5599558756667978,0.6507853455221876,0.6498238195912615
exp03_mert_lora_r4,run_exp03_mert_lora_r4_train25_seed2,MERT+LoRA (r=4),mert_v1_95m,train25,0.25,seed2,external_test,610,0.25901639344262295,0.13878625780099937,0.12284798534798536,0.2106367570470744
exp03_mert_lora_r4,run_exp03_mert_lora_r4_train50_seed0,MERT+LoRA (r=4),mert_v1_95m,train50,0.5,seed0,val,221,0.8280542986425339,0.6742878029833913,0.8544667433747287,0.6741226040647449
exp03_mert_lora_r4,run_exp03_mert_lora_r4_train50_seed0,MERT+LoRA (r=4),mert_v1_95m,train50,0.5,seed0,test,204,0.8186274509803921,0.6932169229628186,0.7260281385281386,0.7102564102564103
exp03_mert_lora_r4,run_exp03_mert_lora_r4_train50_seed0,MERT+LoRA (r=4),mert_v1_95m,train50,0.5,seed0,external_test,610,0.42950819672131146,0.2511847872657975,0.613995417002566,0.31459454853202096
exp03_mert_lora_r4,run_exp03_mert_lora_r4_train50_seed1,MERT+LoRA (r=4),mert_v1_95m,train50,0.5,seed1,val,185,0.7081081081081081,0.5245337882204509,0.5253602718414804,0.5509700176366844
exp03_mert_lora_r4,run_exp03_mert_lora_r4_train50_seed1,MERT+LoRA (r=4),mert_v1_95m,train50,0.5,seed1,test,242,0.5206611570247934,0.4069091571138279,0.42046608469038443,0.5106905548082018
exp03_mert_lora_r4,run_exp03_mert_lora_r4_train50_seed1,MERT+LoRA (r=4),mert_v1_95m,train50,0.5,seed1,external_test,610,0.2754098360655738,0.11497784709451647,0.11265456458826624,0.17702321363322196
exp03_mert_lora_r4,run_exp03_mert_lora_r4_train50_seed2,MERT+LoRA (r=4),mert_v1_95m,train50,0.5,seed2,val,230,0.8869565217391304,0.746213862765587,0.7521816631791056,0.751247668320839
exp03_mert_lora_r4,run_exp03_mert_lora_r4_train50_seed2,MERT+LoRA (r=4),mert_v1_95m,train50,0.5,seed2,test,233,0.7854077253218884,0.6843395043395043,0.6896436352318704,0.7218974975472924
exp03_mert_lora_r4,run_exp03_mert_lora_r4_train50_seed2,MERT+LoRA (r=4),mert_v1_95m,train50,0.5,seed2,external_test,610,0.5180327868852459,0.4509224691954851,0.5696405859942386,0.5137807656839827
exp03_mert_lora_r4,run_exp03_mert_lora_r4_train100_seed0,MERT+LoRA (r=4),mert_v1_95m,train100,1.0,seed0,val,221,0.8009049773755657,0.6826415094339623,0.708839345293904,0.6929727082089666
exp03_mert_lora_r4,run_exp03_mert_lora_r4_train100_seed0,MERT+LoRA (r=4),mert_v1_95m,train100,1.0,seed0,test,204,0.8088235294117647,0.7749084544542523,0.8123796362803577,0.7956977759397114
exp03_mert_lora_r4,run_exp03_mert_lora_r4_train100_seed0,MERT+LoRA (r=4),mert_v1_95m,train100,1.0,seed0,external_test,610,0.46229508196721314,0.42120701468719407,0.5905696259198437,0.4372522105869576
exp03_mert_lora_r4,run_exp03_mert_lora_r4_train100_seed1,MERT+LoRA (r=4),mert_v1_95m,train100,1.0,seed1,val,185,0.8432432432432433,0.6945914168136391,0.7655757984705353,0.6955753968253968
exp03_mert_lora_r4,run_exp03_mert_lora_r4_train100_seed1,MERT+LoRA (r=4),mert_v1_95m,train100,1.0,seed1,test,242,0.8842975206611571,0.8747171679347302,0.9181795489966881,0.8709492242843084
exp03_mert_lora_r4,run_exp03_mert_lora_r4_train100_seed1,MERT+LoRA (r=4),mert_v1_95m,train100,1.0,seed1,external_test,610,0.29180327868852457,0.1469669559351059,0.25281022262154335,0.19320423548264218
exp03_mert_lora_r4,run_exp03_mert_lora_r4_train100_seed2,MERT+LoRA (r=4),mert_v1_95m,train100,1.0,seed2,val,230,0.7869565217391304,0.8023250181137217,0.8708599781515608,0.8301718026456703
exp03_mert_lora_r4,run_exp03_mert_lora_r4_train100_seed2,MERT+LoRA (r=4),mert_v1_95m,train100,1.0,seed2,test,233,0.7124463519313304,0.6160178352680394,0.6693479245856361,0.6825470850778648
exp03_mert_lora_r4,run_exp03_mert_lora_r4_train100_seed2,MERT+LoRA (r=4),mert_v1_95m,train100,1.0,seed2,external_test,610,0.5229508196721312,0.4772334120850518,0.4651191738362455,0.5529942378314295
exp03_mert_lora_r8,run_exp03_mert_lora_r8_train10_seed0,MERT+LoRA (r=8),mert_v1_95m,train10,0.1,seed0,val,221,0.6787330316742082,0.5580542999102324,0.53461312109594,0.6244613229907348
exp03_mert_lora_r8,run_exp03_mert_lora_r8_train10_seed0,MERT+LoRA (r=8),mert_v1_95m,train10,0.1,seed0,test,204,0.7843137254901961,0.652026361706934,0.6511850674252883,0.6678022050071618
exp03_mert_lora_r8,run_exp03_mert_lora_r8_train10_seed0,MERT+LoRA (r=8),mert_v1_95m,train10,0.1,seed0,external_test,610,0.3639344262295082,0.2219847906604109,0.19561955625567115,0.27788965805483645
exp03_mert_lora_r8,run_exp03_mert_lora_r8_train10_seed1,MERT+LoRA (r=8),mert_v1_95m,train10,0.1,seed1,val,185,0.654054054054054,0.49239342510928547,0.5015933539640436,0.5466666666666667
exp03_mert_lora_r8,run_exp03_mert_lora_r8_train10_seed1,MERT+LoRA (r=8),mert_v1_95m,train10,0.1,seed1,test,242,0.5041322314049587,0.3838934720103843,0.33343299423625883,0.49735708559237973
exp03_mert_lora_r8,run_exp03_mert_lora_r8_train10_seed1,MERT+LoRA (r=8),mert_v1_95m,train10,0.1,seed1,external_test,610,0.18688524590163935,0.12553728070175438,0.16925850951299481,0.22683729972144762
exp03_mert_lora_r8,run_exp03_mert_lora_r8_train10_seed2,MERT+LoRA (r=8),mert_v1_95m,train10,0.1,seed2,val,230,0.7391304347826086,0.5790704665704666,0.546490528990529,0.6362158167036216
exp03_mert_lora_r8,run_exp03_mert_lora_r8_train10_seed2,MERT+LoRA (r=8),mert_v1_95m,train10,0.1,seed2,test,233,0.592274678111588,0.5092378426317191,0.482433567528705,0.5898692810457516
exp03_mert_lora_r8,run_exp03_mert_lora_r8_train10_seed2,MERT+LoRA (r=8),mert_v1_95m,train10,0.1,seed2,external_test,610,0.30983606557377047,0.17478158178652323,0.2175485008818342,0.26445321370763347
exp03_mert_lora_r8,run_exp03_mert_lora_r8_train25_seed0,MERT+LoRA (r=8),mert_v1_95m,train25,0.25,seed0,val,221,0.7194570135746606,0.5729890882064795,0.6505481233742103,0.5915032679738562
exp03_mert_lora_r8,run_exp03_mert_lora_r8_train25_seed0,MERT+LoRA (r=8),mert_v1_95m,train25,0.25,seed0,test,204,0.6470588235294118,0.5024409971160769,0.603827323227568,0.5289713721165334
exp03_mert_lora_r8,run_exp03_mert_lora_r8_train25_seed0,MERT+LoRA (r=8),mert_v1_95m,train25,0.25,seed0,external_test,610,0.2262295081967213,0.16019592024247153,0.27373070232659275,0.2152266670843063
exp03_mert_lora_r8,run_exp03_mert_lora_r8_train25_seed1,MERT+LoRA (r=8),mert_v1_95m,train25,0.25,seed1,val,185,0.8108108108108109,0.636360438740058,0.7381868131868132,0.6447067901234568
exp03_mert_lora_r8,run_exp03_mert_lora_r8_train25_seed1,MERT+LoRA (r=8),mert_v1_95m,train25,0.25,seed1,test,242,0.8305785123966942,0.8266604182437799,0.8685805095287855,0.836585140813082
exp03_mert_lora_r8,run_exp03_mert_lora_r8_train25_seed1,MERT+LoRA (r=8),mert_v1_95m,train25,0.25,seed1,external_test,610,0.46557377049180326,0.4299590353805581,0.5744633308973678,0.4516670031227705
exp03_mert_lora_r8,run_exp03_mert_lora_r8_train25_seed2,MERT+LoRA (r=8),mert_v1_95m,train25,0.25,seed2,val,230,0.6086956521739131,0.467251528141621,0.5964200191570881,0.5387302592877505
exp03_mert_lora_r8,run_exp03_mert_lora_r8_train25_seed2,MERT+LoRA (r=8),mert_v1_95m,train25,0.25,seed2,test,233,0.5965665236051502,0.47714449776465284,0.402552053209948,0.5885924912600698
exp03_mert_lora_r8,run_exp03_mert_lora_r8_train25_seed2,MERT+LoRA (r=8),mert_v1_95m,train25,0.25,seed2,external_test,610,0.27377049180327867,0.1909963743473818,0.21527707766239876,0.24229105250365016
exp03_mert_lora_r8,run_exp03_mert_lora_r8_train50_seed0,MERT+LoRA (r=8),mert_v1_95m,train50,0.5,seed0,val,221,0.751131221719457,0.6308273411502431,0.6748141584207158,0.6478279836524774
exp03_mert_lora_r8,run_exp03_mert_lora_r8_train50_seed0,MERT+LoRA (r=8),mert_v1_95m,train50,0.5,seed0,test,204,0.8333333333333334,0.8036276588908168,0.8973824786324786,0.7848646723646725
exp03_mert_lora_r8,run_exp03_mert_lora_r8_train50_seed0,MERT+LoRA (r=8),mert_v1_95m,train50,0.5,seed0,external_test,610,0.3819672131147541,0.3191109043832436,0.573852321568336,0.38603122407061896
exp03_mert_lora_r8,run_exp03_mert_lora_r8_train50_seed1,MERT+LoRA (r=8),mert_v1_95m,train50,0.5,seed1,val,185,0.7081081081081081,0.65099360624393,0.8292237442922374,0.6457561728395061
exp03_mert_lora_r8,run_exp03_mert_lora_r8_train50_seed1,MERT+LoRA (r=8),mert_v1_95m,train50,0.5,seed1,test,242,0.7520661157024794,0.732578263606238,0.8190201884981002,0.7347397682219111
exp03_mert_lora_r8,run_exp03_mert_lora_r8_train50_seed1,MERT+LoRA (r=8),mert_v1_95m,train50,0.5,seed1,external_test,610,0.4311475409836066,0.4218171565965325,0.44457630351570665,0.4286002323083702
exp03_mert_lora_r8,run_exp03_mert_lora_r8_train50_seed2,MERT+LoRA (r=8),mert_v1_95m,train50,0.5,seed2,val,230,0.9173913043478261,0.7712247269057682,0.7696529080675423,0.7763845523427405
exp03_mert_lora_r8,run_exp03_mert_lora_r8_train50_seed2,MERT+LoRA (r=8),mert_v1_95m,train50,0.5,seed2,test,233,0.8454935622317596,0.7332251082251083,0.731638105767459,0.7570568889994336
exp03_mert_lora_r8,run_exp03_mert_lora_r8_train50_seed2,MERT+LoRA (r=8),mert_v1_95m,train50,0.5,seed2,external_test,610,0.49836065573770494,0.41918230816502716,0.371867423684244,0.5011327266884144
exp03_mert_lora_r8,run_exp03_mert_lora_r8_train100_seed0,MERT+LoRA (r=8),mert_v1_95m,train100,1.0,seed0,val,221,0.832579185520362,0.6775505786959736,0.6920608383469621,0.6850128576020572
exp03_mert_lora_r8,run_exp03_mert_lora_r8_train100_seed0,MERT+LoRA (r=8),mert_v1_95m,train100,1.0,seed0,test,204,0.7745098039215687,0.7082260804991544,0.7874144148089753,0.801077566400147
exp03_mert_lora_r8,run_exp03_mert_lora_r8_train100_seed0,MERT+LoRA (r=8),mert_v1_95m,train100,1.0,seed0,external_test,610,0.39344262295081966,0.3098458991798083,0.4501400537720792,0.3462556408304427
exp03_mert_lora_r8,run_exp03_mert_lora_r8_train100_seed1,MERT+LoRA (r=8),mert_v1_95m,train100,1.0,seed1,val,185,0.8486486486486486,0.7416267942583733,0.9050746946973361,0.7302777777777778
exp03_mert_lora_r8,run_exp03_mert_lora_r8_train100_seed1,MERT+LoRA (r=8),mert_v1_95m,train100,1.0,seed1,test,242,0.8677685950413223,0.8612889910903877,0.8933109840937408,0.8672665011950725
exp03_mert_lora_r8,run_exp03_mert_lora_r8_train100_seed1,MERT+LoRA (r=8),mert_v1_95m,train100,1.0,seed1,external_test,610,0.460655737704918,0.4396323474009282,0.540052788247679,0.45567152789418186
exp03_mert_lora_r8,run_exp03_mert_lora_r8_train100_seed2,MERT+LoRA (r=8),mert_v1_95m,train100,1.0,seed2,val,230,0.9260869565217391,0.9083444282767518,0.948006993006993,0.8908432256864313
exp03_mert_lora_r8,run_exp03_mert_lora_r8_train100_seed2,MERT+LoRA (r=8),mert_v1_95m,train100,1.0,seed2,test,233,0.8111587982832618,0.7114923361201987,0.7238382250174703,0.7415053406845473
exp03_mert_lora_r8,run_exp03_mert_lora_r8_train100_seed2,MERT+LoRA (r=8),mert_v1_95m,train100,1.0,seed2,external_test,610,0.4967213114754098,0.4493763852848259,0.5021227522781043,0.533450941029898
exp03_mert_full_ft,run_exp03_mert_full_ft_train10_seed0,MERT full fine-tuning,mert_v1_95m,train10,0.1,seed0,val,221,0.8823529411764706,0.8584122234322913,0.8481182795698925,0.8709778783308195
exp03_mert_full_ft,run_exp03_mert_full_ft_train10_seed0,MERT full fine-tuning,mert_v1_95m,train10,0.1,seed0,test,204,0.9117647058823529,0.8787825606339199,0.8562142464581489,0.9332621082621083
exp03_mert_full_ft,run_exp03_mert_full_ft_train10_seed0,MERT full fine-tuning,mert_v1_95m,train10,0.1,seed0,external_test,610,0.4163934426229508,0.3143843681829435,0.2853259485612427,0.37622518955353423
exp03_mert_full_ft,run_exp03_mert_full_ft_train10_seed1,MERT full fine-tuning,mert_v1_95m,train10,0.1,seed1,val,185,0.6972972972972973,0.6013031280888425,0.7377419667053813,0.6043342151675485
exp03_mert_full_ft,run_exp03_mert_full_ft_train10_seed1,MERT full fine-tuning,mert_v1_95m,train10,0.1,seed1,test,242,0.7355371900826446,0.714684938048976,0.7569597621805757,0.7519158737646133
exp03_mert_full_ft,run_exp03_mert_full_ft_train10_seed1,MERT full fine-tuning,mert_v1_95m,train10,0.1,seed1,external_test,610,0.27377049180327867,0.20682578601423265,0.32343947513933163,0.23045111362478643
exp03_mert_full_ft,run_exp03_mert_full_ft_train10_seed2,MERT full fine-tuning,mert_v1_95m,train10,0.1,seed2,val,230,0.9,0.9181312490346137,0.9287680728857199,0.9208908397061707
exp03_mert_full_ft,run_exp03_mert_full_ft_train10_seed2,MERT full fine-tuning,mert_v1_95m,train10,0.1,seed2,test,233,0.8540772532188842,0.8381010674876829,0.9018752584780811,0.8270173232553534
exp03_mert_full_ft,run_exp03_mert_full_ft_train10_seed2,MERT full fine-tuning,mert_v1_95m,train10,0.1,seed2,external_test,610,0.521311475409836,0.4190840530833421,0.34670126054162775,0.5411669019338522
exp03_mert_full_ft,run_exp03_mert_full_ft_train25_seed0,MERT full fine-tuning,mert_v1_95m,train25,0.25,seed0,val,221,0.9095022624434389,0.901589773854544,0.922542372881356,0.9003267973856208
exp03_mert_full_ft,run_exp03_mert_full_ft_train25_seed0,MERT full fine-tuning,mert_v1_95m,train25,0.25,seed0,test,204,0.9607843137254902,0.9496866695275887,0.9374710072214637,0.9661703887510339
exp03_mert_full_ft,run_exp03_mert_full_ft_train25_seed0,MERT full fine-tuning,mert_v1_95m,train25,0.25,seed0,external_test,610,0.2278688524590164,0.18783398643917823,0.20843630254467363,0.3280473537920507
exp03_mert_full_ft,run_exp03_mert_full_ft_train25_seed1,MERT full fine-tuning,mert_v1_95m,train25,0.25,seed1,val,185,0.9567567567567568,0.9444191622260333,0.95011150176143,0.9402579365079364
exp03_mert_full_ft,run_exp03_mert_full_ft_train25_seed1,MERT full fine-tuning,mert_v1_95m,train25,0.25,seed1,test,242,0.9793388429752066,0.9782469431153641,0.9776800322182787,0.9799919967987195
exp03_mert_full_ft,run_exp03_mert_full_ft_train25_seed1,MERT full fine-tuning,mert_v1_95m,train25,0.25,seed1,external_test,610,0.3377049180327869,0.32611870095245343,0.6386874602953253,0.44777249616289594
exp03_mert_full_ft,run_exp03_mert_full_ft_train25_seed2,MERT full fine-tuning,mert_v1_95m,train25,0.25,seed2,val,230,0.9347826086956522,0.9459975597934182,0.9487565256710652,0.9514120799835086
exp03_mert_full_ft,run_exp03_mert_full_ft_train25_seed2,MERT full fine-tuning,mert_v1_95m,train25,0.25,seed2,test,233,0.9184549356223176,0.8885521885521886,0.9326388888888889,0.871604324135104
exp03_mert_full_ft,run_exp03_mert_full_ft_train25_seed2,MERT full fine-tuning,mert_v1_95m,train25,0.25,seed2,external_test,610,0.4163934426229508,0.35267903205076817,0.3426802869085576,0.42886289586447424
exp03_mert_full_ft,run_exp03_mert_full_ft_train50_seed0,MERT full fine-tuning,mert_v1_95m,train50,0.5,seed0,val,221,1.0,1.0,1.0,1.0
exp03_mert_full_ft,run_exp03_mert_full_ft_train50_seed0,MERT full fine-tuning,mert_v1_95m,train50,0.5,seed0,test,204,0.9754901960784313,0.9802592836739178,0.97890559732665,0.9825498575498576
exp03_mert_full_ft,run_exp03_mert_full_ft_train50_seed0,MERT full fine-tuning,mert_v1_95m,train50,0.5,seed0,external_test,610,0.29180327868852457,0.27366358358457643,0.44197726444940816,0.38820457225958416
exp03_mert_full_ft,run_exp03_mert_full_ft_train50_seed1,MERT full fine-tuning,mert_v1_95m,train50,0.5,seed1,val,185,0.9135135135135135,0.8874371237944422,0.9341323269413846,0.861307319223986
exp03_mert_full_ft,run_exp03_mert_full_ft_train50_seed1,MERT full fine-tuning,mert_v1_95m,train50,0.5,seed1,test,242,0.9710743801652892,0.9721359940367654,0.9722222222222222,0.9742151885009028
exp03_mert_full_ft,run_exp03_mert_full_ft_train50_seed1,MERT full fine-tuning,mert_v1_95m,train50,0.5,seed1,external_test,610,0.2180327868852459,0.24329589712454983,0.3996684239980894,0.32062860624527384
exp03_mert_full_ft,run_exp03_mert_full_ft_train50_seed2,MERT full fine-tuning,mert_v1_95m,train50,0.5,seed2,val,230,0.9739130434782609,0.9789665044714339,0.9789251997095133,0.9793776490640602
exp03_mert_full_ft,run_exp03_mert_full_ft_train50_seed2,MERT full fine-tuning,mert_v1_95m,train50,0.5,seed2,test,233,0.9527896995708155,0.9592139162096189,0.9543320353897998,0.9672926252953613
exp03_mert_full_ft,run_exp03_mert_full_ft_train50_seed2,MERT full fine-tuning,mert_v1_95m,train50,0.5,seed2,external_test,610,0.4180327868852459,0.38472149874975387,0.5113569689298273,0.5119958037760318
exp03_mert_full_ft,run_exp03_mert_full_ft_train100_seed0,MERT full fine-tuning,mert_v1_95m,train100,1.0,seed0,val,221,0.9864253393665159,0.9816049981584786,0.9720394736842106,0.9926470588235294
exp03_mert_full_ft,run_exp03_mert_full_ft_train100_seed0,MERT full fine-tuning,mert_v1_95m,train100,1.0,seed0,test,204,0.9754901960784313,0.9625686113584905,0.9481340334236675,0.9811253561253562
exp03_mert_full_ft,run_exp03_mert_full_ft_train100_seed0,MERT full fine-tuning,mert_v1_95m,train100,1.0,seed0,external_test,610,0.49836065573770494,0.4352219751362358,0.43785096350451713,0.5582118092913865
exp03_mert_full_ft,run_exp03_mert_full_ft_train100_seed1,MERT full fine-tuning,mert_v1_95m,train100,1.0,seed1,val,185,0.9891891891891892,0.9842084208420842,0.9907796451914099,0.9791666666666666
exp03_mert_full_ft,run_exp03_mert_full_ft_train100_seed1,MERT full fine-tuning,mert_v1_95m,train100,1.0,seed1,test,242,0.9917355371900827,0.9914796036176584,0.9908521303258145,0.992325135182278
exp03_mert_full_ft,run_exp03_mert_full_ft_train100_seed1,MERT full fine-tuning,mert_v1_95m,train100,1.0,seed1,external_test,610,0.19672131147540983,0.17606484837286865,0.22158411137710568,0.2996356064549714
exp03_mert_full_ft,run_exp03_mert_full_ft_train100_seed2,MERT full fine-tuning,mert_v1_95m,train100,1.0,seed2,val,230,0.9739130434782609,0.9784560511596219,0.9792335115864529,0.9783429114439568
exp03_mert_full_ft,run_exp03_mert_full_ft_train100_seed2,MERT full fine-tuning,mert_v1_95m,train100,1.0,seed2,test,233,0.9742489270386266,0.9784928665826943,0.9758443107280317,0.982012325719576
exp03_mert_full_ft,run_exp03_mert_full_ft_train100_seed2,MERT full fine-tuning,mert_v1_95m,train100,1.0,seed2,external_test,610,0.23114754098360657,0.23318532698272257,0.37708393947440527,0.33859759522494365
