method,model,ratio_name,ratio_value,split,label_id,label,f1_mean,f1_std,precision_mean,precision_std,recall_mean,recall_std
MERT full fine-tuning,mert_v1_95m,train10,0.1,external_test,0,二胡,0.050253378378378365,0.07392374198344474,0.11746031746031743,0.14947628402531496,0.032448377581120895,0.04873956236536373
MERT full fine-tuning,mert_v1_95m,train10,0.1,external_test,1,琵琶,0.6032052851013444,0.1278328992687216,0.5286363672162228,0.08977505920573293,0.7058823529411765,0.18823529411764706
MERT full fine-tuning,mert_v1_95m,train10,0.1,external_test,2,中阮,0.024922118380062298,0.04316637526651407,0.10256410256410257,0.177646236673731,0.014184397163120567,0.024568096561260667
MERT full fine-tuning,mert_v1_95m,train10,0.1,external_test,3,笛子,0.39725343068464314,0.26117124157868377,0.4853138005311919,0.06091647804857088,0.4858156028368794,0.3819924258012831
MERT full fine-tuning,mert_v1_95m,train10,0.1,external_test,4,唢呐,0.3018613699658073,0.22844136578834331,0.26163719280612524,0.1656114950594732,0.39999999999999997,0.38745768387028207
MERT full fine-tuning,mert_v1_95m,train10,0.1,external_test,5,笙,0.5030928320508009,0.15234673985677366,0.4153215879064443,0.16763367633624685,0.6573556797020483,0.09713818514521398
MERT full fine-tuning,mert_v1_95m,train10,0.1,test,0,二胡,0.9499308182709821,0.04606481150928276,0.9202648038210587,0.059398639267941984,0.981981981981982,0.031208122658898628
MERT full fine-tuning,mert_v1_95m,train10,0.1,test,1,琵琶,0.7195878702728017,0.1384685299581607,0.7601626016260162,0.2506189047446887,0.8148148148148149,0.3207501495497921
MERT full fine-tuning,mert_v1_95m,train10,0.1,test,2,中阮,0.9785932721712539,0.03707754022318688,0.9597701149425287,0.06968020490219623,1.0,0.0
MERT full fine-tuning,mert_v1_95m,train10,0.1,test,3,笛子,0.7321650963829326,0.23994966150225625,0.9547764227642276,0.03952651113230568,0.6459802102659244,0.3234313610810567
MERT full fine-tuning,mert_v1_95m,train10,0.1,test,4,唢呐,0.7966016647394819,0.13243761260148795,0.7899589927891815,0.2332762644080392,0.831447963800905,0.047443929808847894
MERT full fine-tuning,mert_v1_95m,train10,0.1,test,5,笙,0.6862584105037056,0.19332927001322017,0.6451655982905983,0.1474883270884713,0.7501656397005233,0.2760557326480366
MERT full fine-tuning,mert_v1_95m,train10,0.1,val,0,二胡,0.9387890479574915,0.04381322548259421,0.948529411764706,0.0653543707155558,0.9382716049382717,0.1069167165165974
MERT full fine-tuning,mert_v1_95m,train10,0.1,val,1,琵琶,0.6555555555555556,0.35013225014641625,0.6805555555555555,0.3127313958110473,0.6388888888888888,0.37577081273524116
MERT full fine-tuning,mert_v1_95m,train10,0.1,val,2,中阮,0.9806233062330624,0.02683029479846231,0.9628776241679468,0.05097169853905967,1.0,0.0
MERT full fine-tuning,mert_v1_95m,train10,0.1,val,3,笛子,0.619950961414376,0.34656905768398505,0.9343434343434344,0.08877977692548958,0.5534713885554221,0.38837413784035524
MERT full fine-tuning,mert_v1_95m,train10,0.1,val,4,唢呐,0.8339799122475012,0.08820133713879144,0.7683862433862435,0.15893455754997488,0.9334852139730189,0.03979694873200044
MERT full fine-tuning,mert_v1_95m,train10,0.1,val,5,笙,0.7267944177035086,0.19291674706847747,0.7345643691041017,0.1540152616165169,0.728288770053476,0.2467320395941563
MERT full fine-tuning,mert_v1_95m,train100,1.0,external_test,0,二胡,0.37730460498521334,0.3727117708865757,0.47903903903903905,0.4199561056804221,0.3746312684365782,0.4455058635488041
MERT full fine-tuning,mert_v1_95m,train100,1.0,external_test,1,琵琶,0.6001985601713963,0.10097412107044544,0.535021963863611,0.08394782424866651,0.7019607843137255,0.20252158954784877
MERT full fine-tuning,mert_v1_95m,train100,1.0,external_test,2,中阮,0.11299435028248588,0.19571195565750024,0.2777777777777778,0.4811252243246882,0.07092198581560284,0.12284048280630334
MERT full fine-tuning,mert_v1_95m,train100,1.0,external_test,3,笛子,0.15197260240099894,0.17354921199213097,0.24430641821946167,0.33684835733289,0.12056737588652482,0.11718235206991703
MERT full fine-tuning,mert_v1_95m,train100,1.0,external_test,4,唢呐,0.2741385822365299,0.13042161459341972,0.164002804236719,0.0925137406094939,0.9925925925925926,0.012830005981991766
MERT full fine-tuning,mert_v1_95m,train100,1.0,external_test,5,笙,0.17233560090702946,0.2162295308705916,0.37289002557544765,0.3242228449121338,0.1322160148975791,0.18277066603076303
MERT full fine-tuning,mert_v1_95m,train100,1.0,test,0,二胡,0.9743915343915344,0.01910397307326432,0.9505083732057417,0.03595332194188847,1.0,0.0
MERT full fine-tuning,mert_v1_95m,train100,1.0,test,1,琵琶,0.9629629629629629,0.06415002990995845,0.9333333333333332,0.11547005383792512,1.0,0.0
MERT full fine-tuning,mert_v1_95m,train100,1.0,test,2,中阮,1.0,0.0,1.0,0.0,1.0,0.0
MERT full fine-tuning,mert_v1_95m,train100,1.0,test,3,笛子,0.9797257012352804,0.015529761772870382,0.9816135084427767,0.016239463420924884,0.9780457637600496,0.0227666792012368
MERT full fine-tuning,mert_v1_95m,train100,1.0,test,4,唢呐,0.9786014253599274,0.007700953258148657,0.9904761904761905,0.016495721976846456,0.9676973353443943,0.0294608722315472
MERT full fine-tuning,mert_v1_95m,train100,1.0,test,5,笙,0.9694005391679811,0.022214118623296076,0.9737295434969854,0.027900196962524586,0.9651825349499769,0.017999266847856073
MERT full fine-tuning,mert_v1_95m,train100,1.0,val,0,二胡,0.9889642695612846,0.00969492745325227,0.9782913165266107,0.019062545642599675,1.0,0.0
MERT full fine-tuning,mert_v1_95m,train100,1.0,val,1,琵琶,0.989247311827957,0.018624202231923397,0.9791666666666666,0.03608439182435161,1.0,0.0
MERT full fine-tuning,mert_v1_95m,train100,1.0,val,2,中阮,1.0,0.0,1.0,0.0,1.0,0.0
MERT full fine-tuning,mert_v1_95m,train100,1.0,val,3,笛子,0.945925925925926,0.013394919496314935,0.9453044375644994,0.05275285002737692,0.951530612244898,0.06705836442905572
MERT full fine-tuning,mert_v1_95m,train100,1.0,val,4,唢呐,0.9873417721518987,0.021924693766694637,1.0,0.0,0.975609756097561,0.04224514164802137
MERT full fine-tuning,mert_v1_95m,train100,1.0,val,5,笙,0.9770596608533033,0.013235500518650226,0.9813428401663696,0.018200449484958803,0.9731729055258467,0.023554212338966683
MERT full fine-tuning,mert_v1_95m,train25,0.25,external_test,0,二胡,0.23249646123417422,0.2659336708540571,0.43402777777777785,0.34616157448242024,0.1651917404129793,0.20225321199317936
MERT full fine-tuning,mert_v1_95m,train25,0.25,external_test,1,琵琶,0.6020896634311979,0.041293446298807795,0.5351486754738479,0.11555302724359443,0.7294117647058824,0.13870383673590114
MERT full fine-tuning,mert_v1_95m,train25,0.25,external_test,2,中阮,0.0462046204620462,0.08002875018470058,0.3333333333333333,0.5773502691896258,0.02482269503546097,0.04299416898220613
MERT full fine-tuning,mert_v1_95m,train25,0.25,external_test,3,笛子,0.3024473857091883,0.1955616862036735,0.2778718037980716,0.15667196116611662,0.3404255319148936,0.25152320037312537
MERT full fine-tuning,mert_v1_95m,train25,0.25,external_test,4,唢呐,0.3297577358492903,0.13811775527879075,0.21613191626339212,0.12608133556717965,0.9037037037037036,0.12830005981991677
MERT full fine-tuning,mert_v1_95m,train25,0.25,external_test,5,笙,0.2202675721989026,0.23573901188667717,0.5830945928506904,0.3615548049986866,0.24581005586592175,0.3358001994893568
MERT full fine-tuning,mert_v1_95m,train25,0.25,test,0,二胡,0.9296057347670251,0.06021556579403402,0.9252782493869082,0.05423379672608554,0.9340501792114696,0.06667822769452894
MERT full fine-tuning,mert_v1_95m,train25,0.25,test,1,琵琶,0.8576238576238576,0.13054445213294555,0.9137254901960784,0.10278699938887177,0.8518518518518517,0.25660011963983365
MERT full fine-tuning,mert_v1_95m,train25,0.25,test,2,中阮,1.0,0.0,1.0,0.0,1.0,0.0
MERT full fine-tuning,mert_v1_95m,train25,0.25,test,3,笛子,0.9519556466924888,0.016682125418435816,0.990990990990991,0.015604061329449314,0.9159554730983303,0.020278725974668472
MERT full fine-tuning,mert_v1_95m,train25,0.25,test,4,唢呐,0.9571909571909573,0.010926230583550207,0.9741876310272537,0.02862848045105999,0.941427853192559,0.019986102775566558
MERT full fine-tuning,mert_v1_95m,train25,0.25,test,5,笙,0.9365954061159542,0.07651492021000503,0.8913974950560317,0.12293592627886997,0.9922480620155039,0.013426750446270392
MERT full fine-tuning,mert_v1_95m,train25,0.25,val,0,二胡,0.9500285135586889,0.03468045330364406,0.9151540616246497,0.06610301823728343,0.98989898989899,0.017495462702715982
MERT full fine-tuning,mert_v1_95m,train25,0.25,val,1,琵琶,0.9055555555555556,0.10046189622236178,0.9722222222222222,0.048112522432468836,0.861111111111111,0.17347216662217774
MERT full fine-tuning,mert_v1_95m,train25,0.25,val,2,中阮,0.9956709956709956,0.007498055444021116,0.9914529914529915,0.014803853056144197,1.0,0.0
MERT full fine-tuning,mert_v1_95m,train25,0.25,val,3,笛子,0.9349282296650717,0.05911968985311371,0.9761904761904763,0.041239304942116105,0.8974839935974389,0.073608087385278
MERT full fine-tuning,mert_v1_95m,train25,0.25,val,4,唢呐,0.9042001138668948,0.05170295907601025,0.8430648872526462,0.11483202972900601,0.9841269841269842,0.027492869961410718
MERT full fine-tuning,mert_v1_95m,train25,0.25,val,5,笙,0.893629583430784,0.051423673168499016,0.9447361618847161,0.031413402083102344,0.8513725490196077,0.0941200980073027
MERT full fine-tuning,mert_v1_95m,train50,0.5,external_test,0,二胡,0.11839807286961757,0.10362645542271108,0.5303030303030303,0.5027472734253654,0.06784660766961649,0.06023769279251366
MERT full fine-tuning,mert_v1_95m,train50,0.5,external_test,1,琵琶,0.6887412329272795,0.04598143914148382,0.811072261072261,0.1897961660346851,0.6588235294117647,0.22041169406111988
MERT full fine-tuning,mert_v1_95m,train50,0.5,external_test,2,中阮,0.2856205396271686,0.330158426831946,0.3770221266801294,0.19861557826730353,0.30141843971631205,0.42156842102433323
MERT full fine-tuning,mert_v1_95m,train50,0.5,external_test,3,笛子,0.3086167590527975,0.1891957366663899,0.37696832721222967,0.07611604816459545,0.41489361702127664,0.4734938954099551
MERT full fine-tuning,mert_v1_95m,train50,0.5,external_test,4,唢呐,0.2631534140585692,0.06267815877673721,0.15747797698114432,0.05026383006683136,0.9037037037037038,0.13021033949071814
MERT full fine-tuning,mert_v1_95m,train50,0.5,external_test,5,笙,0.13883194038232796,0.06990978016159737,0.45316159250585475,0.4852877763527508,0.09497206703910614,0.04773186449898065
MERT full fine-tuning,mert_v1_95m,train50,0.5,test,0,二胡,0.9651307596513076,0.04901287336028494,0.9444444444444445,0.0962250448649376,0.990990990990991,0.015604061329449314
MERT full fine-tuning,mert_v1_95m,train50,0.5,test,1,琵琶,0.9948717948717949,0.008882311833686455,0.98989898989899,0.01749546270271598,1.0,0.0
MERT full fine-tuning,mert_v1_95m,train50,0.5,test,2,中阮,0.9951690821256038,0.008367395205646723,0.9904761904761905,0.016495721976846456,1.0,0.0
MERT full fine-tuning,mert_v1_95m,train50,0.5,test,3,笛子,0.9531154384124486,0.019964408643628976,0.9733742959549412,0.0243040333564891,0.9356833642547929,0.055977236917148405
MERT full fine-tuning,mert_v1_95m,train50,0.5,test,4,唢呐,0.9765656565656565,0.020865860741293533,1.0,0.0,0.9547511312217195,0.040218074286495833
MERT full fine-tuning,mert_v1_95m,train50,0.5,test,5,笙,0.9383656562137929,0.02001978760848641,0.9127257891027781,0.04550107784592696,0.96668985622474,0.011482631008765199
MERT full fine-tuning,mert_v1_95m,train50,0.5,val,0,二胡,0.9887355674457897,0.009952462431468532,0.9901960784313726,0.016980890270283114,0.9876543209876543,0.02138334330331957
MERT full fine-tuning,mert_v1_95m,train50,0.5,val,1,琵琶,0.9523809523809524,0.08247860988423228,1.0,0.0,0.9166666666666666,0.14433756729740643
MERT full fine-tuning,mert_v1_95m,train50,0.5,val,2,中阮,0.9880859880859881,0.01291629903112317,0.9766666666666666,0.025166114784235857,1.0,0.0
MERT full fine-tuning,mert_v1_95m,train50,0.5,val,3,笛子,0.8873348873348873,0.16957674814525212,0.9533333333333333,0.05033222956847165,0.8473639455782314,0.24691035599942746
MERT full fine-tuning,mert_v1_95m,train50,0.5,val,4,唢呐,0.9720588235294118,0.0295218527939482,0.9767441860465116,0.04028025133881117,0.9678668215253582,0.027834207461120662
MERT full fine-tuning,mert_v1_95m,train50,0.5,val,5,笙,0.9442110377547229,0.06135181156970355,0.9291747888239116,0.09247110801997087,0.9618181818181818,0.033178704710717585
MERT linear probe,mert_v1_95m,train10,0.1,external_test,0,二胡,0.09292929292929293,0.1609582568649866,0.14743589743589744,0.25536646521848827,0.0678466076696165,0.11751377160496805
MERT linear probe,mert_v1_95m,train10,0.1,external_test,1,琵琶,0.20303030303030303,0.3516588003245903,0.1654320987654321,0.2865368002644809,0.2627450980392157,0.45508785924358736
MERT linear probe,mert_v1_95m,train10,0.1,external_test,2,中阮,0.2599090318388564,0.33028905981313805,0.46633825944170776,0.4236835053627622,0.19858156028368792,0.27357874499270796
MERT linear probe,mert_v1_95m,train10,0.1,external_test,3,笛子,0.0497512437810945,0.08617168196860082,0.08333333333333333,0.14433756729740643,0.0354609929078014,0.061420241403151644
MERT linear probe,mert_v1_95m,train10,0.1,external_test,4,唢呐,0.12060577526679221,0.17349777387291124,0.08616708093147879,0.12724990176929213,0.2074074074074074,0.2688184786907267
MERT linear probe,mert_v1_95m,train10,0.1,external_test,5,笙,0.3455675239084251,0.08297410790205911,0.2511495269073713,0.05134987246122339,0.5772811918063315,0.22695136796466656
MERT linear probe,mert_v1_95m,train10,0.1,test,0,二胡,0.9295325168190444,0.03311732255706199,0.9336917562724015,0.0883968634776955,0.9351932577739029,0.08584115577493918
MERT linear probe,mert_v1_95m,train10,0.1,test,1,琵琶,0.20512820512820515,0.355292473347462,0.3333333333333333,0.5773502691896258,0.14814814814814814,0.25660011963983365
MERT linear probe,mert_v1_95m,train10,0.1,test,2,中阮,0.9297205224548221,0.09849071226716961,0.8868725868725869,0.17179384716104457,0.991869918699187,0.014081713882673812
MERT linear probe,mert_v1_95m,train10,0.1,test,3,笛子,0.364762467967672,0.32739953585326925,0.7652173913043478,0.208876733034162,0.3626108018965162,0.41554255226554576
MERT linear probe,mert_v1_95m,train10,0.1,test,4,唢呐,0.4853889215302259,0.15359489220887193,0.6081196581196582,0.30456836524505126,0.6195324283559578,0.3724045356456257
MERT linear probe,mert_v1_95m,train10,0.1,test,5,笙,0.46887818547487425,0.2598336424547395,0.38411616161616163,0.17029184715609827,0.626648115020208,0.41027303809093096
MERT linear probe,mert_v1_95m,train10,0.1,val,0,二胡,0.9331085119098438,0.03360626823840792,0.9553113553113555,0.039945218696602385,0.9153439153439153,0.07501294644845413
MERT linear probe,mert_v1_95m,train10,0.1,val,1,琵琶,0.3333333333333333,0.5773502691896258,0.3333333333333333,0.5773502691896258,0.3333333333333333,0.5773502691896258
MERT linear probe,mert_v1_95m,train10,0.1,val,2,中阮,0.9698954175935072,0.01666193273200711,0.9418871252204587,0.03122402992256043,1.0,0.0
MERT linear probe,mert_v1_95m,train10,0.1,val,3,笛子,0.3323586744639376,0.30906216054463026,0.41050724637681163,0.4924480883532267,0.36534613845538216,0.33153762406427534
MERT linear probe,mert_v1_95m,train10,0.1,val,4,唢呐,0.6286340750365437,0.12282511873225019,0.7107624902833721,0.26762609829080475,0.7289972899728997,0.3503804088649103
MERT linear probe,mert_v1_95m,train10,0.1,val,5,笙,0.541735594154949,0.23493963035920792,0.535768137436658,0.1571844318277444,0.5680748663101604,0.3022091490277382
MERT linear probe,mert_v1_95m,train100,1.0,external_test,0,二胡,0.29364982731596634,0.17372257760545906,0.5648567119155354,0.05974450172047771,0.21828908554572268,0.16611101150797744
MERT linear probe,mert_v1_95m,train100,1.0,external_test,1,琵琶,0.6517430647876747,0.04070558486867684,0.4991785744844699,0.05057712556024354,0.9450980392156864,0.03396178054056629
MERT linear probe,mert_v1_95m,train100,1.0,external_test,2,中阮,0.026937401223115498,0.01166423711327503,0.2722222222222222,0.11824331474329317,0.014184397163120532,0.006142024140315153
MERT linear probe,mert_v1_95m,train100,1.0,external_test,3,笛子,0.5349322352974053,0.07955870582097414,0.5952055078594832,0.13412049327039985,0.5602836879432624,0.28072477280872027
MERT linear probe,mert_v1_95m,train100,1.0,external_test,4,唢呐,0.3515947000500484,0.04609078715741578,0.22440327875336177,0.04145588630060261,0.837037037037037,0.06789001029564212
MERT linear probe,mert_v1_95m,train100,1.0,external_test,5,笙,0.5167953193853991,0.01518385611458881,0.6219992685197501,0.09215783110961161,0.44692737430167595,0.025600981536066172
MERT linear probe,mert_v1_95m,train100,1.0,test,0,二胡,0.9945355191256832,0.00946475851130535,0.989247311827957,0.018624202231923397,1.0,0.0
MERT linear probe,mert_v1_95m,train100,1.0,test,1,琵琶,1.0,0.0,1.0,0.0,1.0,0.0
MERT linear probe,mert_v1_95m,train100,1.0,test,2,中阮,0.992648527707859,0.006501651582593889,0.9935897435897436,0.01110288979210815,0.991869918699187,0.014081713882673812
MERT linear probe,mert_v1_95m,train100,1.0,test,3,笛子,0.9340780166276238,0.07503653651531828,0.9713064713064714,0.025267646015353914,0.9055864770150484,0.12979550427332118
MERT linear probe,mert_v1_95m,train100,1.0,test,4,唢呐,0.9554815636946602,0.047392831403627905,0.9509090909090908,0.06844192808988625,0.9611613876319759,0.03363998028611003
MERT linear probe,mert_v1_95m,train100,1.0,test,5,笙,0.9280291069271932,0.05620178921849617,0.8948024948024949,0.09211627481178443,0.96668985622474,0.011482631008765199
MERT linear probe,mert_v1_95m,train100,1.0,val,0,二胡,0.993939393939394,0.010497277621629563,0.9880952380952381,0.02061965247105799,1.0,0.0
MERT linear probe,mert_v1_95m,train100,1.0,val,1,琵琶,0.9866666666666667,0.02309401076758505,0.9743589743589745,0.04441155916843266,1.0,0.0
MERT linear probe,mert_v1_95m,train100,1.0,val,2,中阮,0.997245179063361,0.004771489828013356,1.0,0.0,0.9945355191256832,0.00946475851130535
MERT linear probe,mert_v1_95m,train100,1.0,val,3,笛子,0.8447789725209081,0.10813366032333972,1.0,0.0,0.740921368547419,0.15465844120082933
MERT linear probe,mert_v1_95m,train100,1.0,val,4,唢呐,0.943993297550696,0.05723111514343276,0.9027777777777777,0.09141379262169069,0.991869918699187,0.014081713882673812
MERT linear probe,mert_v1_95m,train100,1.0,val,5,笙,0.9640236003318231,0.020007873524991254,0.9541016278105481,0.029372381841787518,0.9745454545454546,0.02211913647381172
MERT linear probe,mert_v1_95m,train25,0.25,external_test,0,二胡,0.08787174444245781,0.1378995584419334,0.13479052823315113,0.12201628237787755,0.0884955752212389,0.1456821029482684
MERT linear probe,mert_v1_95m,train25,0.25,external_test,1,琵琶,0.5578091695829287,0.10370150605374781,0.6733923416135275,0.22346327965680665,0.592156862745098,0.329901596596833
MERT linear probe,mert_v1_95m,train25,0.25,external_test,2,中阮,0.14991213355699332,0.04764423194917881,0.6373626373626374,0.13469945793550842,0.08510638297872336,0.028146290543240315
MERT linear probe,mert_v1_95m,train25,0.25,external_test,3,笛子,0.3895330793523311,0.2539130684328529,0.35286179300656545,0.07676503870557277,0.5921985815602837,0.4613064945427809
MERT linear probe,mert_v1_95m,train25,0.25,external_test,4,唢呐,0.10179815571993851,0.0552496550936198,0.07085883465193807,0.03291238189853521,0.19259259259259254,0.1302103394907181
MERT linear probe,mert_v1_95m,train25,0.25,external_test,5,笙,0.40922450745009825,0.10831116744438343,0.49415940084954163,0.20090979462266753,0.46182495344506513,0.2360514246181129
MERT linear probe,mert_v1_95m,train25,0.25,test,0,二胡,0.9274515839627879,0.04878392607301618,0.956989247311828,0.04927500747264352,0.9046788724208078,0.09460296441998435
MERT linear probe,mert_v1_95m,train25,0.25,test,1,琵琶,1.0,0.0,1.0,0.0,1.0,0.0
MERT linear probe,mert_v1_95m,train25,0.25,test,2,中阮,1.0,0.0,1.0,0.0,1.0,0.0
MERT linear probe,mert_v1_95m,train25,0.25,test,3,笛子,0.6867168198301311,0.0895629515485416,0.9073260073260073,0.0963425672841515,0.5543032364460936,0.0878515292642685
MERT linear probe,mert_v1_95m,train25,0.25,test,4,唢呐,0.7771602920344339,0.08284125252793938,0.6809010615023094,0.10720531447442902,0.9126445449974862,0.05340933876464541
MERT linear probe,mert_v1_95m,train25,0.25,test,5,笙,0.865494412818891,0.0607694585407059,0.8205806539139872,0.11840885114670004,0.9256277744649838,0.03635523902870815
MERT linear probe,mert_v1_95m,train25,0.25,val,0,二胡,0.8866280672732286,0.1279039481980087,0.844047619047619,0.17351164951382025,0.9405162738496071,0.0782662328691858
MERT linear probe,mert_v1_95m,train25,0.25,val,1,琵琶,0.6842650103519669,0.1788435230096853,0.9166666666666666,0.14433756729740643,0.6222222222222222,0.3421067626297923
MERT linear probe,mert_v1_95m,train25,0.25,val,2,中阮,0.9810079966329966,0.024669895159727645,0.9634825870646765,0.04700552697659467,1.0,0.0
MERT linear probe,mert_v1_95m,train25,0.25,val,3,笛子,0.6692109038737447,0.10303989287914485,0.7969895028718558,0.045072681053501144,0.5912114845938375,0.16449755348202
MERT linear probe,mert_v1_95m,train25,0.25,val,4,唢呐,0.8167432745745998,0.14503893161753995,0.7368247694334652,0.2055961379966841,0.9426427231305281,0.013816780174491427
MERT linear probe,mert_v1_95m,train25,0.25,val,5,笙,0.8380572489400667,0.09337162015164972,0.9158941275241924,0.028093464806811904,0.7878431372549018,0.1727863786335364
MERT linear probe,mert_v1_95m,train50,0.5,external_test,0,二胡,0.2301977286095652,0.23018867977891694,0.3389001349527665,0.3124041319508653,0.2271386430678466,0.27989421792317426
MERT linear probe,mert_v1_95m,train50,0.5,external_test,1,琵琶,0.5846821670765333,0.026020768319791922,0.5387562004305204,0.1868160581934686,0.7490196078431373,0.23568594825594846
MERT linear probe,mert_v1_95m,train50,0.5,external_test,2,中阮,0.08931670944872265,0.06483659637598889,0.5158730158730158,0.3485744643809167,0.04964539007092197,0.03736047430089625
MERT linear probe,mert_v1_95m,train50,0.5,external_test,3,笛子,0.3061287267943615,0.21027893993082544,0.4355141476880607,0.07319332635446679,0.3723404255319149,0.4427372775890386
MERT linear probe,mert_v1_95m,train50,0.5,external_test,4,唢呐,0.2045306001188354,0.07703907643212872,0.13863880974992082,0.029658600620474436,0.4814814814814814,0.3989698669480068
MERT linear probe,mert_v1_95m,train50,0.5,external_test,5,笙,0.45771870628648004,0.07602523455965383,0.47539920930525276,0.013998052855981217,0.46182495344506513,0.16156105196829776
MERT linear probe,mert_v1_95m,train50,0.5,test,0,二胡,0.974867724867725,0.02391949910056231,0.9696969696969697,0.05248638810814775,0.981981981981982,0.031208122658898628
MERT linear probe,mert_v1_95m,train50,0.5,test,1,琵琶,0.9803921568627451,0.03396178054056629,1.0,0.0,0.9629629629629629,0.06415002990995845
MERT linear probe,mert_v1_95m,train50,0.5,test,2,中阮,0.9935897435897436,0.01110288979210815,0.9874213836477987,0.02178680261092927,1.0,0.0
MERT linear probe,mert_v1_95m,train50,0.5,test,3,笛子,0.8751764468642872,0.10189472734080676,0.9031082331174839,0.06667281725283139,0.8616780045351474,0.1737470544624991
MERT linear probe,mert_v1_95m,train50,0.5,test,4,唢呐,0.8685579196217494,0.047731585028840784,0.8871252204585538,0.08996005716260416,0.8575917546505781,0.0773767539113168
MERT linear probe,mert_v1_95m,train50,0.5,test,5,笙,0.877801847260284,0.025133546439200783,0.8331908831908832,0.04921090628896884,0.9309945007619426,0.053751887215884926
MERT linear probe,mert_v1_95m,train50,0.5,val,0,二胡,0.9831201137171286,0.017937186018332874,0.9672075726842461,0.034606824498270294,1.0,0.0
MERT linear probe,mert_v1_95m,train50,0.5,val,1,琵琶,0.8333333333333334,0.28867513459481287,1.0,0.0,0.7777777777777777,0.3849001794597505
MERT linear probe,mert_v1_95m,train50,0.5,val,2,中阮,1.0,0.0,1.0,0.0,1.0,0.0
MERT linear probe,mert_v1_95m,train50,0.5,val,3,笛子,0.7555167055167055,0.07674418816850205,0.8982905982905983,0.051303414353705744,0.6548869547819127,0.09653935084116352
MERT linear probe,mert_v1_95m,train50,0.5,val,4,唢呐,0.8937230034004228,0.09059035848571373,0.8466880341880342,0.1315697645647441,0.9509961583132315,0.042061681384021096
MERT linear probe,mert_v1_95m,train50,0.5,val,5,笙,0.9045356227746165,0.0541003225691352,0.8862184286712589,0.07163781763721526,0.9254010695187166,0.05206768736560835
MERT+LoRA (r=4),mert_v1_95m,train10,0.1,external_test,0,二胡,0.31602980052871904,0.34551319958182086,0.35715991023253596,0.31015753711348193,0.3539823008849557,0.4682745683300161
MERT+LoRA (r=4),mert_v1_95m,train10,0.1,external_test,1,琵琶,0.0,0.0,0.0,0.0,0.0,0.0
MERT+LoRA (r=4),mert_v1_95m,train10,0.1,external_test,2,中阮,0.2554272473636922,0.3005606397030944,0.7695473251028807,0.19995935165854065,0.21631205673758866,0.29411254311693563
MERT+LoRA (r=4),mert_v1_95m,train10,0.1,external_test,3,笛子,0.11228070175438597,0.19447588014808445,0.0699912510936133,0.12122840297944897,0.28368794326241137,0.4913619312252134
MERT+LoRA (r=4),mert_v1_95m,train10,0.1,external_test,4,唢呐,0.23376588912772336,0.2553844510596041,0.23392946922358684,0.31204653589616554,0.37777777777777777,0.3492496365667047
MERT+LoRA (r=4),mert_v1_95m,train10,0.1,external_test,5,笙,0.22194012194012191,0.22436233138963224,0.1646856200935897,0.15076293597168441,0.3891992551210428,0.4813014789892793
MERT+LoRA (r=4),mert_v1_95m,train10,0.1,test,0,二胡,0.695969937270683,0.14465940297782837,0.7027915632754341,0.11636472061415096,0.7037198488811391,0.21909223447294013
MERT+LoRA (r=4),mert_v1_95m,train10,0.1,test,1,琵琶,0.0,0.0,0.0,0.0,0.0,0.0
MERT+LoRA (r=4),mert_v1_95m,train10,0.1,test,2,中阮,0.8853174603174603,0.15329124188123255,0.815439971103887,0.23131877663225156,1.0,0.0
MERT+LoRA (r=4),mert_v1_95m,train10,0.1,test,3,笛子,0.20532212885154064,0.30610197736161143,0.4633333333333334,0.5040171954738581,0.3351010101010101,0.5543758710177574
MERT+LoRA (r=4),mert_v1_95m,train10,0.1,test,4,唢呐,0.6020148669796557,0.14725730636577844,0.7236864771748492,0.33657869033307275,0.6577425842131724,0.26505917575721233
MERT+LoRA (r=4),mert_v1_95m,train10,0.1,test,5,笙,0.28725943221044936,0.20100040550465226,0.5399865591397849,0.39941792393597586,0.4210229907904326,0.48917736368121595
MERT+LoRA (r=4),mert_v1_95m,train10,0.1,val,0,二胡,0.797453856658297,0.07822800225206236,0.7849206349206349,0.1938734733230728,0.8550585217251885,0.13285223997265166
MERT+LoRA (r=4),mert_v1_95m,train10,0.1,val,1,琵琶,0.0,0.0,0.0,0.0,0.0,0.0
MERT+LoRA (r=4),mert_v1_95m,train10,0.1,val,2,中阮,0.9642427527305576,0.033137925303047766,0.9322537878787879,0.06092478632296236,1.0,0.0
MERT+LoRA (r=4),mert_v1_95m,train10,0.1,val,3,笛子,0.16291887125220453,0.1530057012445811,0.3929824561403508,0.533252533122212,0.36734693877551017,0.5502640311311331
MERT+LoRA (r=4),mert_v1_95m,train10,0.1,val,4,唢呐,0.7545890179681157,0.09693824979700184,0.7592101385204834,0.24784717066722767,0.8315613925370022,0.18050446097419193
MERT+LoRA (r=4),mert_v1_95m,train10,0.1,val,5,笙,0.3515037593984962,0.3487184082291727,0.3291894077218516,0.28989966110398996,0.4212121212121212,0.4931207195780106
MERT+LoRA (r=4),mert_v1_95m,train100,1.0,external_test,0,二胡,0.17845117845117844,0.3090865077479815,0.20784313725490197,0.35999487373000194,0.15634218289085547,0.2707926041331873
MERT+LoRA (r=4),mert_v1_95m,train100,1.0,external_test,1,琵琶,0.43884860650253305,0.19591965314144338,0.5667589133342558,0.08147734017133247,0.4235294117647059,0.2580201435230743
MERT+LoRA (r=4),mert_v1_95m,train100,1.0,external_test,2,中阮,0.2451939202161161,0.20581178518183368,0.4113788487282463,0.3024003938205521,0.2695035460992908,0.3307010902704755
MERT+LoRA (r=4),mert_v1_95m,train100,1.0,external_test,3,笛子,0.32470925663994965,0.3173736465588165,0.661151466236212,0.3255091352871068,0.24113475177304963,0.2700395938084528
MERT+LoRA (r=4),mert_v1_95m,train100,1.0,external_test,4,唢呐,0.36087631533551834,0.2095846919804895,0.30200589377804565,0.09664530036085715,0.5259259259259259,0.39773018544174227
MERT+LoRA (r=4),mert_v1_95m,train100,1.0,external_test,5,笙,0.5427354882694079,0.12604702989212002,0.46785978542360335,0.22681548026543616,0.750465549348231,0.1164282981924811
MERT+LoRA (r=4),mert_v1_95m,train100,1.0,test,0,二胡,0.9341931216931217,0.039785745421679744,0.9607843137254902,0.06792356108113246,0.9174658529497238,0.09986781918989614
MERT+LoRA (r=4),mert_v1_95m,train100,1.0,test,1,琵琶,0.4312925170068027,0.3764481040806883,0.5,0.5,0.4270833333333333,0.3856980954494504
MERT+LoRA (r=4),mert_v1_95m,train100,1.0,test,2,中阮,0.9573047567650915,0.0189417772851279,0.9185243236967375,0.034542115323754,1.0,0.0
MERT+LoRA (r=4),mert_v1_95m,train100,1.0,test,3,笛子,0.6122387544106398,0.29131798755991717,1.0,0.0,0.4862347969490826,0.3242484974293222
MERT+LoRA (r=4),mert_v1_95m,train100,1.0,test,4,唢呐,0.8205620325997982,0.10295757662855984,0.7581858158080905,0.1825792631101135,0.9123931623931624,0.008877935337561718
MERT+LoRA (r=4),mert_v1_95m,train100,1.0,test,5,笙,0.77569573283859,0.06788248505611028,0.6623197664950455,0.11752204584068432,0.9552110249784668,0.05860185596270132
MERT+LoRA (r=4),mert_v1_95m,train100,1.0,val,0,二胡,0.9450248756218906,0.08263163396070877,0.955108359133127,0.054312089141946844,0.9365079365079364,0.10997147984564301
MERT+LoRA (r=4),mert_v1_95m,train100,1.0,val,1,琵琶,0.5833333333333334,0.5204164998665332,0.6666666666666666,0.5773502691896258,0.5333333333333333,0.5033222956847166
MERT+LoRA (r=4),mert_v1_95m,train100,1.0,val,2,中阮,0.9735947712418301,0.022870961202657435,0.9540094339622641,0.0403536288496903,0.9945355191256832,0.00946475851130535
MERT+LoRA (r=4),mert_v1_95m,train100,1.0,val,3,笛子,0.2809523809523809,0.24939836905092372,0.6666666666666666,0.5773502691896258,0.17899659863945575,0.16114057759916797
MERT+LoRA (r=4),mert_v1_95m,train100,1.0,val,4,唢呐,0.7596863110489944,0.1434682866998794,0.6794233958413063,0.2361820472152073,0.9034068912117692,0.08755274264174949
MERT+LoRA (r=4),mert_v1_95m,train100,1.0,val,5,笙,0.8165242165242166,0.049138485840114834,0.7686757215619694,0.10763675395111746,0.8906595365418895,0.11221980028041369
MERT+LoRA (r=4),mert_v1_95m,train25,0.25,external_test,0,二胡,0.09019607843137252,0.15622419048660457,0.13450292397660815,0.23296589809405951,0.0678466076696165,0.11751377160496805
MERT+LoRA (r=4),mert_v1_95m,train25,0.25,external_test,1,琵琶,0.0077519379844961,0.013426750446270324,0.3333333333333333,0.5773502691896258,0.0039215686274509665,0.00679235610811322
MERT+LoRA (r=4),mert_v1_95m,train25,0.25,external_test,2,中阮,0.10268475034006173,0.07564555612263996,0.2435254803675856,0.22381784980785058,0.06737588652482263,0.04429076594608792
MERT+LoRA (r=4),mert_v1_95m,train25,0.25,external_test,3,笛子,0.0303030303030303,0.052486388108147784,0.10416666666666667,0.18042195912175804,0.0177304964539007,0.030710120701575822
MERT+LoRA (r=4),mert_v1_95m,train25,0.25,external_test,4,唢呐,0.2873744485121562,0.1105121543743716,0.23973154615998604,0.10195516015558367,0.36296296296296293,0.11403558754326411
MERT+LoRA (r=4),mert_v1_95m,train25,0.25,external_test,5,笙,0.35967547547028217,0.04554264578598089,0.24696051130533783,0.025418061491520906,0.664804469273743,0.12591539295625306
MERT+LoRA (r=4),mert_v1_95m,train25,0.25,test,0,二胡,0.8164021164021165,0.045903854448135335,0.8704284221525601,0.11291070143565389,0.7815460621912235,0.10444282797949012
MERT+LoRA (r=4),mert_v1_95m,train25,0.25,test,1,琵琶,0.0900900900900901,0.15604061329449345,0.3333333333333333,0.5773502691896258,0.052083333333333336,0.09021097956087902
MERT+LoRA (r=4),mert_v1_95m,train25,0.25,test,2,中阮,0.8852401266573802,0.08159983899375081,0.8004188604188603,0.1294065341382583,1.0,0.0
MERT+LoRA (r=4),mert_v1_95m,train25,0.25,test,3,笛子,0.18283166109253066,0.2452518493902705,0.6666666666666666,0.5773502691896258,0.11515151515151513,0.16168874632671637
MERT+LoRA (r=4),mert_v1_95m,train25,0.25,test,4,唢呐,0.7888038769515839,0.10138732786254018,0.6878606773343615,0.17908961455849537,0.9577677224736049,0.04423833899264702
MERT+LoRA (r=4),mert_v1_95m,train25,0.25,test,5,笙,0.6292856440845827,0.11256420045518403,0.532045732045732,0.12322884780603394,0.8363479758828595,0.24428286957457393
MERT+LoRA (r=4),mert_v1_95m,train25,0.25,val,0,二胡,0.7477268430189588,0.14064497822899155,0.8484848484848485,0.18924236358783028,0.6980920314253648,0.19717343439728624
MERT+LoRA (r=4),mert_v1_95m,train25,0.25,val,1,琵琶,0.0,0.0,0.0,0.0,0.0,0.0
MERT+LoRA (r=4),mert_v1_95m,train25,0.25,val,2,中阮,0.9602482636323334,0.045613968731597634,0.9259747102212855,0.08340002135823671,1.0,0.0
MERT+LoRA (r=4),mert_v1_95m,train25,0.25,val,3,笛子,0.23564143853998923,0.26450388500674976,0.6666666666666666,0.5773502691896258,0.15166066426570626,0.18162727078894542
MERT+LoRA (r=4),mert_v1_95m,train25,0.25,val,4,唢呐,0.730436834135352,0.14935100631163187,0.6059033655390331,0.21440114949768893,0.9678668215253582,0.027834207461120662
MERT+LoRA (r=4),mert_v1_95m,train25,0.25,val,5,笙,0.6146050163184541,0.08528519090902215,0.6186346670842795,0.09358452245299317,0.6597326203208556,0.2270437789882884
MERT+LoRA (r=4),mert_v1_95m,train50,0.5,external_test,0,二胡,0.17982456140350878,0.31146527679966657,0.1431064572425829,0.24786765483533674,0.24188790560471976,0.41896214224379924
MERT+LoRA (r=4),mert_v1_95m,train50,0.5,external_test,1,琵琶,0.07391859077252333,0.0673688278158792,0.6666666666666666,0.5773502691896258,0.03921568627450977,0.03594177015651637
MERT+LoRA (r=4),mert_v1_95m,train50,0.5,external_test,2,中阮,0.22570919276801626,0.25735862281028077,0.39682539682539675,0.2443619733069945,0.1773049645390071,0.21732699923467466
MERT+LoRA (r=4),mert_v1_95m,train50,0.5,external_test,3,笛子,0.2946655980051652,0.4922562324828858,0.6084142394822006,0.5340982512305315,0.3049645390070922,0.5190282966444799
MERT+LoRA (r=4),mert_v1_95m,train50,0.5,external_test,4,唢呐,0.34520248777477086,0.27280966410729635,0.409009009009009,0.18151085210718368,0.37777777777777777,0.4239729784075314
MERT+LoRA (r=4),mert_v1_95m,train50,0.5,external_test,5,笙,0.5148497763876135,0.07718051392037613,0.3685593659442861,0.07284097751692958,0.8696461824953445,0.05595895419484806
MERT+LoRA (r=4),mert_v1_95m,train50,0.5,test,0,二胡,0.7840889269460699,0.25499576943374896,0.9142857142857143,0.07559289460184547,0.7747747747747749,0.39010153323623364
MERT+LoRA (r=4),mert_v1_95m,train50,0.5,test,1,琵琶,0.0,0.0,0.0,0.0,0.0,0.0
MERT+LoRA (r=4),mert_v1_95m,train50,0.5,test,2,中阮,0.8853307766059445,0.17445523304093344,0.8216175359032502,0.26232979160205855,1.0,0.0
MERT+LoRA (r=4),mert_v1_95m,train50,0.5,test,3,笛子,0.4632258064516129,0.4014396568937243,0.6666666666666666,0.5773502691896258,0.35505050505050506,0.30797605438819886
MERT+LoRA (r=4),mert_v1_95m,train50,0.5,test,4,唢呐,0.7852537695116406,0.023777518911527903,0.7603249475890985,0.15297573217488522,0.8482905982905983,0.13012838177335195
MERT+LoRA (r=4),mert_v1_95m,train50,0.5,test,5,笙,0.6510318893170339,0.12454648188149828,0.5093808524560571,0.11588749700287981,0.9075730471079307,0.12204414065747114
MERT+LoRA (r=4),mert_v1_95m,train50,0.5,val,0,二胡,0.8644960240704922,0.09916946739562006,0.912975912975913,0.12540561460365565,0.8505691839025172,0.19153505187210207
MERT+LoRA (r=4),mert_v1_95m,train50,0.5,val,1,琵琶,0.10526315789473684,0.18232113763882918,0.25,0.4330127018922193,0.06666666666666667,0.11547005383792518
MERT+LoRA (r=4),mert_v1_95m,train50,0.5,val,2,中阮,0.9793218439120078,0.00466094085768169,0.9647969570341798,0.01715885061495389,0.9945355191256832,0.00946475851130535
MERT+LoRA (r=4),mert_v1_95m,train50,0.5,val,3,笛子,0.34795321637426896,0.43333096573447016,0.6666666666666666,0.5773502691896258,0.2773109243697479,0.38297576017162493
MERT+LoRA (r=4),mert_v1_95m,train50,0.5,val,4,唢呐,0.8347774199600763,0.02721401586271884,0.7972698880583922,0.11041767343837512,0.8915840257303671,0.07871648662862761
MERT+LoRA (r=4),mert_v1_95m,train50,0.5,val,5,笙,0.7582592457272764,0.14909210221792477,0.6723079320554777,0.14991174039496574,0.8720142602495543,0.1494978424196785
MERT+LoRA (r=8),mert_v1_95m,train10,0.1,external_test,0,二胡,0.27950048732943467,0.27390125709129204,0.31268465588952404,0.16563570813321019,0.3185840707964601,0.39138662632736254
MERT+LoRA (r=8),mert_v1_95m,train10,0.1,external_test,1,琵琶,0.0,0.0,0.0,0.0,0.0,0.0
MERT+LoRA (r=8),mert_v1_95m,train10,0.1,external_test,2,中阮,0.045384615384615364,0.04830254749673721,0.27777777777777773,0.2545875386086578,0.024822695035460963,0.02677246253642109
MERT+LoRA (r=8),mert_v1_95m,train10,0.1,external_test,3,笛子,0.11646586345381527,0.20172479284938732,0.13425925925925927,0.23254385842359926,0.1028368794326241,0.17811870006913982
MERT+LoRA (r=8),mert_v1_95m,train10,0.1,external_test,4,唢呐,0.23998015873015868,0.23811762047573873,0.17072951739618403,0.18687014690888754,0.5111111111111111,0.45379061903693635
MERT+LoRA (r=8),mert_v1_95m,train10,0.1,external_test,5,笙,0.36327618139935297,0.11205772027491313,0.2694019229782552,0.06411331540883998,0.5810055865921787,0.27691695489148
MERT+LoRA (r=8),mert_v1_95m,train10,0.1,test,0,二胡,0.774354186118892,0.039050531842276026,0.6950757575757575,0.057038713433240885,0.8796377022183474,0.07633373814825999
MERT+LoRA (r=8),mert_v1_95m,train10,0.1,test,1,琵琶,0.0,0.0,0.0,0.0,0.0,0.0
MERT+LoRA (r=8),mert_v1_95m,train10,0.1,test,2,中阮,0.9300045113792342,0.07539857752349345,0.8828752097044781,0.1345364702100363,0.991869918699187,0.014081713882673812
MERT+LoRA (r=8),mert_v1_95m,train10,0.1,test,3,笛子,0.2551440329218107,0.4419224282686024,0.25203252032520324,0.43653313036288777,0.25833333333333336,0.4474464586219599
MERT+LoRA (r=8),mert_v1_95m,train10,0.1,test,4,唢呐,0.6784864820271673,0.16466092784418257,0.6468970384008178,0.2763671983809065,0.81184012066365,0.11937650115982892
MERT+LoRA (r=8),mert_v1_95m,train10,0.1,test,5,笙,0.45232614025097034,0.18473129032388216,0.4572227323742475,0.22948072042830292,0.5683760683760684,0.40182304266381214
MERT+LoRA (r=8),mert_v1_95m,train10,0.1,val,0,二胡,0.8840802987861812,0.12083810357191833,0.8187532359946154,0.16176662459274319,0.9682539682539683,0.054985739922821505
MERT+LoRA (r=8),mert_v1_95m,train10,0.1,val,1,琵琶,0.0,0.0,0.0,0.0,0.0,0.0
MERT+LoRA (r=8),mert_v1_95m,train10,0.1,val,2,中阮,0.9895939652037212,0.0024427906991074866,0.9794099807003033,0.004783366660615209,1.0,0.0
MERT+LoRA (r=8),mert_v1_95m,train10,0.1,val,3,笛子,0.16216216216216217,0.28087310393008824,0.15,0.2598076211353316,0.17647058823529413,0.30565602486509597
MERT+LoRA (r=8),mert_v1_95m,train10,0.1,val,4,唢呐,0.7248682476943347,0.13636135693422438,0.6233823883471771,0.2423135723337757,0.9426725036481134,0.07814717076239464
MERT+LoRA (r=8),mert_v1_95m,train10,0.1,val,5,笙,0.4983317093335695,0.14712054759645993,0.5938484030589294,0.07914542797571461,0.5272905525846703,0.3790067116648626
MERT+LoRA (r=8),mert_v1_95m,train100,1.0,external_test,0,二胡,0.20606140235623874,0.3001157964419054,0.42988505747126443,0.4033352823398696,0.22123893805309733,0.35298532168458635
MERT+LoRA (r=8),mert_v1_95m,train100,1.0,external_test,1,琵琶,0.5232562711331289,0.08505955735706619,0.8703703703703703,0.22452510468485445,0.39999999999999997,0.12394886768062052
MERT+LoRA (r=8),mert_v1_95m,train100,1.0,external_test,2,中阮,0.4038337323372403,0.1953894341867361,0.45575503067865347,0.07895699261342015,0.41489361702127664,0.31772733027804423
MERT+LoRA (r=8),mert_v1_95m,train100,1.0,external_test,3,笛子,0.26741363211951447,0.26666980515850375,0.3355112881806109,0.3211258323197713,0.3829787234042554,0.5229023713806173
MERT+LoRA (r=8),mert_v1_95m,train100,1.0,external_test,4,唢呐,0.49053724053724057,0.07761945673116759,0.41963437096467593,0.10098260628163246,0.6222222222222222,0.11758894715842626
MERT+LoRA (r=8),mert_v1_95m,train100,1.0,external_test,5,笙,0.5066069852477619,0.02841348557562563,0.4734750709301501,0.15519432821466492,0.6294227188081937,0.2022264059973026
MERT+LoRA (r=8),mert_v1_95m,train100,1.0,test,0,二胡,0.9126426004063135,0.07756486743694838,0.9444444444444445,0.0962250448649376,0.8959604766056378,0.13610008809734858
MERT+LoRA (r=8),mert_v1_95m,train100,1.0,test,1,琵琶,0.4468864468864469,0.3994521869660245,0.4666666666666666,0.5033222956847166,0.5416666666666666,0.5051814855409226
MERT+LoRA (r=8),mert_v1_95m,train100,1.0,test,2,中阮,0.9423097974822112,0.054611053920677284,0.8941827337176175,0.09499579542693506,1.0,0.0
MERT+LoRA (r=8),mert_v1_95m,train100,1.0,test,3,笛子,0.5719565217391304,0.2735645643874017,1.0,0.0,0.4326015254586683,0.2516930074039794
MERT+LoRA (r=8),mert_v1_95m,train100,1.0,test,4,唢呐,0.8328831915954384,0.0621659058351477,0.7311584840654608,0.0921626211465903,0.9742332830568126,0.029335122066117707
MERT+LoRA (r=8),mert_v1_95m,train100,1.0,test,5,笙,0.8553362573099416,0.11908325517500695,0.7726749189461835,0.17900132139734792,0.9752368647717485,0.023401900241547202
MERT+LoRA (r=8),mert_v1_95m,train100,1.0,val,0,二胡,0.9157894736842106,0.1036721873873274,0.9666666666666667,0.05773502691896256,0.8888888888888888,0.1924500897298753
MERT+LoRA (r=8),mert_v1_95m,train100,1.0,val,1,琵琶,0.5594356261022928,0.2587411588822331,0.8888888888888888,0.1924500897298753,0.45555555555555555,0.25891511550513435
MERT+LoRA (r=8),mert_v1_95m,train100,1.0,val,2,中阮,0.9815513041319494,0.012046005562359694,0.968913308913309,0.014592614637390734,0.9945355191256832,0.00946475851130535
MERT+LoRA (r=8),mert_v1_95m,train100,1.0,val,3,笛子,0.47300592128178337,0.44126497310541174,0.6666666666666666,0.5773502691896258,0.3835034013605442,0.3878250250237957
MERT+LoRA (r=8),mert_v1_95m,train100,1.0,val,4,唢呐,0.8551233155352148,0.02621181699426408,0.7518582046883934,0.03541653668598878,0.991869918699187,0.014081713882673812
MERT+LoRA (r=8),mert_v1_95m,train100,1.0,val,5,笙,0.8701379617267467,0.07745745003722201,0.8472913162786581,0.11682643597592149,0.8979144385026738,0.05015697854804289
MERT+LoRA (r=8),mert_v1_95m,train25,0.25,external_test,0,二胡,0.3342045235249118,0.3612117680382198,0.5280003150970892,0.259853762308636,0.2802359882005899,0.34923064511973434
MERT+LoRA (r=8),mert_v1_95m,train25,0.25,external_test,1,琵琶,0.12962962962962962,0.22452510468485448,0.30434782608695654,0.5271458979557453,0.08235294117647056,0.1426394782703781
MERT+LoRA (r=8),mert_v1_95m,train25,0.25,external_test,2,中阮,0.20104261207124408,0.14426917291126976,0.3161130057681782,0.06778440969527387,0.17021276595744675,0.1658346517885096
MERT+LoRA (r=8),mert_v1_95m,train25,0.25,external_test,3,笛子,0.15830828455413168,0.23972030260760524,0.43333333333333335,0.40414518843273806,0.10638297872340423,0.1661755250192905
MERT+LoRA (r=8),mert_v1_95m,train25,0.25,external_test,4,唢呐,0.36626312148635903,0.04706276936553305,0.26948514448514443,0.03243143835681996,0.5925925925925926,0.15608375930152205
MERT+LoRA (r=8),mert_v1_95m,train25,0.25,external_test,5,笙,0.37285448867454635,0.09382755137275298,0.27566259700201684,0.08757439029447474,0.5865921787709497,0.07680294460819845
MERT+LoRA (r=8),mert_v1_95m,train25,0.25,test,0,二胡,0.6944309927360774,0.08703379642082419,0.8063397129186604,0.14053384817382572,0.6504795117698343,0.22010596480004394
MERT+LoRA (r=8),mert_v1_95m,train25,0.25,test,1,琵琶,0.32804232804232797,0.5681859792024888,0.3333333333333333,0.5773502691896258,0.3229166666666667,0.5593080732774499
MERT+LoRA (r=8),mert_v1_95m,train25,0.25,test,2,中阮,0.8407230701338063,0.05213412953243066,0.7275560696613329,0.07816666081405663,1.0,0.0
MERT+LoRA (r=8),mert_v1_95m,train25,0.25,test,3,笛子,0.3417150225660864,0.36561323901308057,0.6666666666666666,0.5773502691896257,0.2488095238095238,0.29277728295577504
MERT+LoRA (r=8),mert_v1_95m,train25,0.25,test,4,唢呐,0.7672185005518338,0.06179256195247889,0.6576007326007326,0.10173671208196527,0.9320010055304172,0.042094578178652524
MERT+LoRA (r=8),mert_v1_95m,train25,0.25,test,5,笙,0.6403619122188874,0.1418300125542294,0.5584232567518771,0.09924424476345794,0.7540913006029285,0.21390266615635165
MERT+LoRA (r=8),mert_v1_95m,train25,0.25,val,0,二胡,0.7939443535188216,0.08198855929870574,0.8601973684210527,0.1323476721992688,0.7418630751964086,0.07576381069242506
MERT+LoRA (r=8),mert_v1_95m,train25,0.25,val,1,琵琶,0.0,0.0,0.0,0.0,0.0,0.0
MERT+LoRA (r=8),mert_v1_95m,train25,0.25,val,2,中阮,0.9121166415284062,0.0787904146067757,0.8446859903381642,0.12956702762193356,1.0,0.0
MERT+LoRA (r=8),mert_v1_95m,train25,0.25,val,3,笛子,0.2701116427432217,0.2110138186249411,1.0,0.0,0.16734193677470988,0.1379636945517716
MERT+LoRA (r=8),mert_v1_95m,train25,0.25,val,4,唢呐,0.7322926302806043,0.1422264019244718,0.5935401057905595,0.18737245780094489,0.991869918699187,0.014081713882673812
MERT+LoRA (r=8),mert_v1_95m,train25,0.25,val,5,笙,0.6447368421052632,0.15076240023123852,0.6718864468864468,0.09711619415136326,0.6488057040998217,0.26612992060845925
MERT+LoRA (r=8),mert_v1_95m,train50,0.5,external_test,0,二胡,0.20608197232414802,0.26456593788774857,0.40147492625368725,0.3611772474817145,0.1887905604719764,0.2750964821719
MERT+LoRA (r=8),mert_v1_95m,train50,0.5,external_test,1,琵琶,0.30084213172448465,0.2612950995824831,0.29455603379563206,0.2587686615563648,0.32156862745098036,0.29396074246133586
MERT+LoRA (r=8),mert_v1_95m,train50,0.5,external_test,2,中阮,0.39932949615988095,0.12184107695189522,0.5039151726054376,0.20810306250105898,0.34397163120567376,0.11375187895280454
MERT+LoRA (r=8),mert_v1_95m,train50,0.5,external_test,3,笛子,0.44051347881899866,0.3859067580362547,0.8057164307164307,0.16869234155550933,0.425531914893617,0.4203137503220939
MERT+LoRA (r=8),mert_v1_95m,train50,0.5,external_test,4,唢呐,0.49358425362482156,0.1873788654632544,0.38014258389845246,0.17152701865418568,0.7185185185185187,0.18899778995811967
MERT+LoRA (r=8),mert_v1_95m,train50,0.5,external_test,5,笙,0.4798694056372725,0.04393006691783595,0.39478695026693306,0.040574666211062746,0.633147113594041,0.14528720372282702
MERT+LoRA (r=8),mert_v1_95m,train50,0.5,test,0,二胡,0.8222222222222223,0.2795499027868695,0.9444444444444445,0.06938886664887109,0.7726726726726727,0.36525541697247405
MERT+LoRA (r=8),mert_v1_95m,train50,0.5,test,1,琵琶,0.4863731656184487,0.42588106544982696,0.6666666666666666,0.5773502691896257,0.3854166666666667,0.34280172233134026
MERT+LoRA (r=8),mert_v1_95m,train50,0.5,test,2,中阮,0.9108742004264392,0.13041164338482,0.8529674252565819,0.2084147901090993,1.0,0.0
MERT+LoRA (r=8),mert_v1_95m,train50,0.5,test,3,笛子,0.7763436368699527,0.16208302253564139,1.0,0.0,0.6529014636157494,0.20937495415835597
MERT+LoRA (r=8),mert_v1_95m,train50,0.5,test,4,唢呐,0.8202494135078404,0.05607323020024337,0.7361650694984029,0.1168519425859607,0.9416792357968831,0.05159899690879018
MERT+LoRA (r=8),mert_v1_95m,train50,0.5,test,5,笙,0.7227994227994228,0.05026183449468882,0.6958379399299798,0.10347253556153181,0.8006526204200624,0.21286074993434712
MERT+LoRA (r=8),mert_v1_95m,train50,0.5,val,0,二胡,0.9237978941054233,0.08467178250968094,0.98989898989899,0.017495462702715982,0.8752605419272087,0.1488246373079959
MERT+LoRA (r=8),mert_v1_95m,train50,0.5,val,1,琵琶,0.21001221001220996,0.24301298690103892,0.6111111111111112,0.5357583756107197,0.13888888888888887,0.17347216662217774
MERT+LoRA (r=8),mert_v1_95m,train50,0.5,val,2,中阮,0.9592317391651543,0.03922501127418524,0.928917378917379,0.07863751067758623,0.9945355191256832,0.00946475851130535
MERT+LoRA (r=8),mert_v1_95m,train50,0.5,val,3,笛子,0.5679012345679012,0.4932094902577328,0.6585365853658537,0.5704397835866586,0.5012755102040817,0.43887005092073517
MERT+LoRA (r=8),mert_v1_95m,train50,0.5,val,4,唢呐,0.771605972131061,0.10798252614723816,0.6553352854722717,0.18200439494164258,0.975609756097561,0.04224514164802137
MERT+LoRA (r=8),mert_v1_95m,train50,0.5,val,5,笙,0.6735422986181328,0.2204693170372006,0.7035822707953856,0.15610118889264302,0.6543672014260249,0.27457502061152045
